slug,label,reference,unit,conversions
co2,Carbon dioxide,carbon dioxide,ppm,"{""ppm"": {""factor"": 1}, ""ppb"": {""factor"": 0.001}}"
co,Carbon monoxide,carbon monoxide,ppm,"{""ppm"": {""factor"": 1}, ""ppb"": {""factor"": 0.001}, ""mg/m³"": {""factor"": 0.8729033}}"
air_temperature,Air temperature,air temperature,°C,"{""°C"": {""factor"": 1}, ""°F"": {""factor"": 0.5555556, ""offset"": -17.777778}}"
dew_point,Dew point,dew point temperature,°C,"{""°C"": {""factor"": 1}}"
relative_humidity,Relative humidity,relative humidity,%,"{""%"": {""factor"": 1}, ""fraction"": {""factor"": 100}}"
relative_humidity_std_21_c,Relative humidity standardised at 21 °C,relative humidity,%,"{""%"": {""factor"": 1}}"
air_pressure,Air pressure,air pressure,hPa,"{""hPa"": {""factor"": 1}, ""Pa"": {""factor"": 0.01}, ""kPa"": {""factor"": 10}}"
pm1,PM1,particle mass concentration,µg/m³,"{""µg/m³"": {""factor"": 1}, ""mg/m³"": {""factor"": 1000}}"
pm2_5,PM2.5,particle mass concentration,µg/m³,"{""µg/m³"": {""factor"": 1}, ""mg/m³"": {""factor"": 1000}}"
pm4,PM4,particle mass concentration,µg/m³,"{""µg/m³"": {""factor"": 1}, ""mg/m³"": {""factor"": 1000}}"
pm10,PM10,particle mass concentration,µg/m³,"{""µg/m³"": {""factor"": 1}, ""mg/m³"": {""factor"": 1000}}"
particle_mass_concentration,Particle mass concentration,particle mass concentration,µg/m³,"{""µg/m³"": {""factor"": 1}, ""mg/m³"": {""factor"": 1000}}"
particle_mass_concentration_alveolar,Particle mass concentration (alveolar),particle mass concentration,µg/m³,"{""µg/m³"": {""factor"": 1}}"
particle_mass_concentration_tracheobronchial,Particle mass concentration (tracheobronchial),particle mass concentration,µg/m³,"{""µg/m³"": {""factor"": 1}}"
particle_mass_concentration_head_airways,Particle mass concentration (head airways),particle mass concentration,µg/m³,"{""µg/m³"": {""factor"": 1}}"
particle_number_concentration,Particle number concentration,particle number concentration,#/cm³,"{""#/cm³"": {""factor"": 1}, ""#/L"": {""factor"": 0.001}, ""#/m³"": {""factor"": 0.000001}}"
particle_number,Particle number concentration,particle number concentration,#/cm³,"{""#/cm³"": {""factor"": 1}, ""#/L"": {""factor"": 0.001}}"
total_ufp,Ultrafine particle number concentration,particle number concentration,#/cm³,"{""#/cm³"": {""factor"": 1}, ""#/L"": {""factor"": 0.001}}"
pn1,Particle number concentration ≤1 µm,particle number concentration,#/cm³,"{""#/cm³"": {""factor"": 1}, ""#/L"": {""factor"": 0.001}}"
pn25,Particle number concentration ≤2.5 µm,particle number concentration,#/cm³,"{""#/cm³"": {""factor"": 1}, ""#/L"": {""factor"": 0.001}}"
pn10,Particle number concentration ≤10 µm,particle number concentration,#/cm³,"{""#/cm³"": {""factor"": 1}, ""#/L"": {""factor"": 0.001}}"
particle_size,Particle size,particle size,nm,"{""nm"": {""factor"": 1}, ""µm"": {""factor"": 1000}}"
particle_average_diameter_mean,Particle mean diameter,particle size,nm,"{""nm"": {""factor"": 1}, ""µm"": {""factor"": 1000}}"
ldsa,Lung deposited surface area,particle surface area,µm²/cm³,"{""µm²/cm³"": {""factor"": 1}}"
particle_lung_deposited_surface_area_p,Lung deposited surface area,particle surface area,µm²/cm³,"{""µm²/cm³"": {""factor"": 1}}"
particle_surface_area_alveolar,Particle surface area (alveolar),particle surface area,µm²/cm³,"{""µm²/cm³"": {""factor"": 1}}"
particle_surface_area_tracheobronchial,Particle surface area (tracheobronchial),particle surface area,µm²/cm³,"{""µm²/cm³"": {""factor"": 1}}"
particle_surface_area_head_airways,Particle surface area (head airways),particle surface area,µm²/cm³,"{""µm²/cm³"": {""factor"": 1}}"
bc,Black carbon,black carbon,µg/m³,"{""µg/m³"": {""factor"": 1}, ""ng/m³"": {""factor"": 0.001}}"
no2,Nitrogen dioxide,nitrogen dioxide,µg/m³,"{""µg/m³"": {""factor"": 1}, ""ppb"": {""factor"": 1.881615542}, ""ppm"": {""factor"": 1881.615542}}"
no,Nitric oxide,nitric oxide,µg/m³,"{""µg/m³"": {""factor"": 1}, ""ppb"": {""factor"": 1.227403}}"
nox,Nitrogen oxides,nitrogen oxides,ppb,"{""ppb"": {""factor"": 1}, ""ppm"": {""factor"": 1000}}"
o3,Ozone,ozone,µg/m³,"{""µg/m³"": {""factor"": 1}, ""ppb"": {""factor"": 1.963190184}, ""ppm"": {""factor"": 1963.190184}}"
so2,Sulphur dioxide,sulphur dioxide,µg/m³,"{""µg/m³"": {""factor"": 1}, ""ppb"": {""factor"": 2.620286299}, ""ppm"": {""factor"": 2620.286299}}"
tvoc,Total volatile organic compounds,total volatile organic compounds,ppb,"{""ppb"": {""factor"": 1}, ""ppm"": {""factor"": 1000}, ""µg/m³"": {""factor"": 0.2445}}"
voc,Volatile organic compounds,total volatile organic compounds,ppb,"{""ppb"": {""factor"": 1}, ""ppm"": {""factor"": 1000}, ""µg/m³"": {""factor"": 0.2445}}"
formaldehyde,Formaldehyde,formaldehyde,µg/m³,"{""µg/m³"": {""factor"": 1}, ""ppb"": {""factor"": 1.228221}, ""ppm"": {""factor"": 1228.221}, ""mg/m³"": {""factor"": 1000}}"
radon,Radon,radon,Bq/m³,"{""Bq/m³"": {""factor"": 1}, ""pCi/L"": {""factor"": 37}}"
illuminance,Illuminance,illuminance,lux,"{""lux"": {""factor"": 1}, ""lx"": {""factor"": 1}}"
sound_level,Sound level (A-weighted),sound level,dBA,"{""dBA"": {""factor"": 1}}"
aqi,Air quality index,air quality index,index,"{""index"": {""factor"": 1}}"
air_quality_score,Air quality score,air quality index,index,"{""index"": {""factor"": 1}}"
voc_index,VOC index,air quality index,index,"{""index"": {""factor"": 1}}"
iaqi,Indoor air quality index,air quality index,index,"{""index"": {""factor"": 1}}"
eiaqi,Extended indoor air quality index,air quality index,index,"{""index"": {""factor"": 1}}"
tci,Thermal comfort index,air quality index,index,"{""index"": {""factor"": 1}}"
avti,Ventilation index,air quality index,index,"{""index"": {""factor"": 1}}"
noxindex,NOx index,air quality index,index,"{""index"": {""factor"": 1}}"
